{
  "B1": {
    "shot_frac": 1.024259585160542,
    "crank_frac": 1.0078661774362059,
    "break_dist": 35.18682535143346,
    "aggressive": false,
    "can_fire": true,
    "score": 9.619,
    "rank": 1
  },
  "B2": {
    "shot_frac": 1.0797089613996538,
    "crank_frac": 1.0389926834583671,
    "break_dist": 37.81430025174351,
    "aggressive": false,
    "can_fire": true,
    "score": 9.4286,
    "rank": 2
  },
  "B3": {
    "shot_frac": 1.2,
    "crank_frac": 1.1409383630958265,
    "break_dist": 44.57984456240755,
    "aggressive": false,
    "can_fire": true,
    "score": 8.8667,
    "rank": 3
  },
  "B4": {
    "shot_frac": 1.0334818402218935,
    "crank_frac": 1.0202851337288474,
    "break_dist": 38.2649261553717,
    "aggressive": false,
    "can_fire": true,
    "score": 8.8571,
    "rank": 4
  },
  "B5": {
    "shot_frac": 0.9985169426859238,
    "crank_frac": 1.0029882156096965,
    "break_dist": 35.295169886820176,
    "aggressive": false,
    "can_fire": true,
    "score": 8.8095,
    "rank": 5
  },
  "B6": {
    "shot_frac": 1.1287448183474735,
    "crank_frac": 1.0671433169427627,
    "break_dist": 40.39009603422109,
    "aggressive": false,
    "can_fire": true,
    "score": 8.7667,
    "rank": 6
  },
  "B7": {
    "shot_frac": 1.2,
    "crank_frac": 1.191060260084722,
    "break_dist": 42.71994575319342,
    "aggressive": true,
    "can_fire": true,
    "score": 8.1667,
    "rank": 7
  },
  "B8": {
    "shot_frac": 1.0722311141902061,
    "crank_frac": 0.767906687486918,
    "break_dist": 20.416848484598017,
    "aggressive": true,
    "can_fire": true,
    "score": 8.0476,
    "rank": 8
  },
  "B9": {
    "shot_frac": 1.07168094628571,
    "crank_frac": 0.0030195187469908816,
    "break_dist": 4.651764988574644,
    "aggressive": true,
    "can_fire": true,
    "score": 6.119,
    "rank": 9
  },
  "B10": {
    "shot_frac": 1.013744550967591,
    "crank_frac": 0.010401872837598091,
    "break_dist": 7.4524956340978985,
    "aggressive": false,
    "can_fire": true,
    "score": 5.8571,
    "rank": 10
  }
}